Measure,Score
Accuracy,0.9117141453831041
Precision,0.9048539000241488
Recall,0.9201866404715128
